{
  "ColumnMappings": [
    {
      "InternalIndex": 1,
      "ColumnName": "Temperature",
      "ColumnPositionInFile": 0
    },
    {
      "InternalIndex": 2,
      "ColumnName": "RPM",
      "ColumnPositionInFile": 1
    },
    {
      "InternalIndex": 3,
      "ColumnName": "Friction",
      "ColumnPositionInFile": 2
    },
    {
      "InternalIndex": -1,
      "ColumnName": "Label",
      "ColumnPositionInFile": 3
    }
  ],
  "ExportLocation": "Overheating.zip",
  "AlgorithmName": "LightGbm",
  "DTModelName": "SensorsRTModel",
  "ReferenceName": "Overheating"
}