{
  "ColumnMappings": [
    {
      "InternalIndex": 0,
      "ColumnName": "Temperature",
      "ColumnPositionInFile": 0
    },
    {
      "InternalIndex": 1,
      "ColumnName": "RPM",
      "ColumnPositionInFile": 1
    },
    {
      "InternalIndex": 2,
      "ColumnName": "Friction",
      "ColumnPositionInFile": 2
    },
    {
      "InternalIndex": -1,
      "ColumnName": "Anomaly",
      "ColumnPositionInFile": 3
    }
  ],
  "ExportLocation": "Overheating.zip",
  "AlgorithmName": "TensorflowAlgorithm",
  "DTModelName": "SensorsRTModel",
  "ReferenceName": "Overheating"
}